epoch,train_loss,train_affinity_loss,train_lsd_loss,val_loss,val_affinity_loss,val_lsd_loss,val_dice,val_iou,seconds
1,0.3779889249429107,0.3243278674222529,0.05366105841472745,0.24228093028068542,0.19918634990851083,0.04309457913041115,0.9189241131146749,0.8514008820056915,3391.9
